functional_snp,tag_snp,population,r2,d
rs8176719,rs505922,ALL,0.7625,0.893
rs8176719,rs505922,AFR,0.4375,0.7772
rs8176719,rs505922,YRI,0.4255,0.797
rs8176719,rs505922,LWK,0.6036,0.8445
rs8176719,rs505922,GWD,0.4819,0.8217
rs8176719,rs505922,MSL,0.2187,0.4803
rs8176719,rs505922,ESN,0.4492,0.9653
rs8176719,rs505922,ASW,0.5137,0.7587
rs8176719,rs505922,ACB,0.4321,0.7857
rs8176719,rs505922,AMR,0.8204,0.94
rs8176719,rs505922,MXL,0.9588,1.0
rs8176719,rs505922,PUR,0.8023,0.95
rs8176719,rs505922,CLM,0.6868,0.8577
rs8176719,rs505922,PEL,0.8811,0.9581
rs8176719,rs505922,EAS,0.946,0.9747
rs8176719,rs505922,CHB,0.9799,1.0
rs8176719,rs505922,JPT,0.923,0.9607
rs8176719,rs505922,CHS,0.9614,0.9805
rs8176719,rs505922,CDX,0.8479,0.9208
rs8176719,rs505922,KHV,1.0,1.0
rs8176719,rs505922,EUR,0.8687,0.9866
rs8176719,rs505922,CEU,0.9578,1.0
rs8176719,rs505922,TSI,0.8518,0.9791
rs8176719,rs505922,FIN,0.8854,1.0
rs8176719,rs505922,GBR,0.7713,0.9719
rs8176719,rs505922,IBS,0.8642,0.9784
rs8176719,rs505922,SAS,0.9331,0.9826
rs8176719,rs505922,GIH,0.9045,1.0
rs8176719,rs505922,PJL,0.9367,0.9783
rs8176719,rs505922,BEB,0.9313,0.9764
rs8176719,rs505922,STU,0.9784,1.0
rs8176719,rs505922,ITU,0.9174,0.9783
rs8176719,rs514659,ALL,0.6861,0.9064
rs8176719,rs514659,AFR,0.3019,0.8131
rs8176719,rs514659,YRI,0.254,0.791
rs8176719,rs514659,LWK,0.367,0.8435
rs8176719,rs514659,GWD,0.3618,0.8434
rs8176719,rs514659,MSL,0.209,0.6688
rs8176719,rs514659,ESN,0.2701,0.9566
rs8176719,rs514659,ASW,0.3887,0.7742
rs8176719,rs514659,ACB,0.3055,0.8065
rs8176719,rs514659,AMR,0.8,0.9017
rs8176719,rs514659,MXL,0.9588,1.0
rs8176719,rs514659,PUR,0.7225,0.8599
rs8176719,rs514659,CLM,0.7229,0.8645
rs8176719,rs514659,PEL,0.8811,0.9581
rs8176719,rs514659,EAS,0.9542,0.9789
rs8176719,rs514659,CHB,0.9799,1.0
rs8176719,rs514659,JPT,0.942,0.9801
rs8176719,rs514659,CHS,0.9614,0.9805
rs8176719,rs514659,CDX,0.8733,0.9468
rs8176719,rs514659,KHV,1.0,1.0
rs8176719,rs514659,EUR,0.8565,0.9734
rs8176719,rs514659,CEU,0.9366,0.9782
rs8176719,rs514659,TSI,0.8332,0.9587
rs8176719,rs514659,FIN,0.8854,1.0
rs8176719,rs514659,GBR,0.7713,0.9719
rs8176719,rs514659,IBS,0.8449,0.9575
rs8176719,rs514659,SAS,0.9331,0.9826
rs8176719,rs514659,GIH,0.9045,1.0
rs8176719,rs514659,PJL,0.9367,0.9783
rs8176719,rs514659,BEB,0.9313,0.9764
rs8176719,rs514659,STU,0.9784,1.0
rs8176719,rs514659,ITU,0.9174,0.9783
rs8176719,rs529565,ALL,0.728,0.8998
rs8176719,rs529565,AFR,0.3872,0.8223
rs8176719,rs529565,YRI,0.3329,0.7824
rs8176719,rs529565,LWK,0.4549,0.8553
rs8176719,rs529565,GWD,0.4298,0.8338
rs8176719,rs529565,MSL,0.2932,0.7041
rs8176719,rs529565,ESN,0.3628,0.9622
rs8176719,rs529565,ASW,0.4799,0.7886
rs8176719,rs529565,ACB,0.3941,0.8252
rs8176719,rs529565,AMR,0.7977,0.9388
rs8176719,rs529565,MXL,0.9588,1.0
rs8176719,rs529565,PUR,0.7611,0.9482
rs8176719,rs529565,CLM,0.6564,0.8535
rs8176719,rs529565,PEL,0.8811,0.9581
rs8176719,rs529565,EAS,0.9379,0.9705
rs8176719,rs529565,CHB,0.9401,0.9795
rs8176719,rs529565,JPT,0.923,0.9607
rs8176719,rs529565,CHS,0.9614,0.9805
rs8176719,rs529565,CDX,0.8479,0.9208
rs8176719,rs529565,KHV,1.0,1.0
rs8176719,rs529565,EUR,0.8608,0.9821
rs8176719,rs529565,CEU,0.9366,0.9782
rs8176719,rs529565,TSI,0.8518,0.9791
rs8176719,rs529565,FIN,0.8854,1.0
rs8176719,rs529565,GBR,0.7713,0.9719
rs8176719,rs529565,IBS,0.8459,0.9781
rs8176719,rs529565,SAS,0.9331,0.9826
rs8176719,rs529565,GIH,0.9045,1.0
rs8176719,rs529565,PJL,0.9367,0.9783
rs8176719,rs529565,BEB,0.9313,0.9764
rs8176719,rs529565,STU,0.9784,1.0
rs8176719,rs529565,ITU,0.9174,0.9783
rs8176719,rs612169,ALL,0.6847,0.9055
rs8176719,rs612169,AFR,0.3008,0.8128
rs8176719,rs612169,YRI,0.2482,0.7893
rs8176719,rs612169,LWK,0.367,0.8435
rs8176719,rs612169,GWD,0.3618,0.8434
rs8176719,rs612169,MSL,0.209,0.6688
rs8176719,rs612169,ESN,0.2701,0.9566
rs8176719,rs612169,ASW,0.3887,0.7742
rs8176719,rs612169,ACB,0.3055,0.8065
rs8176719,rs612169,AMR,0.8,0.9017
rs8176719,rs612169,MXL,0.9588,1.0
rs8176719,rs612169,PUR,0.7225,0.8599
rs8176719,rs612169,CLM,0.7229,0.8645
rs8176719,rs612169,PEL,0.8811,0.9581
rs8176719,rs612169,EAS,0.9542,0.9789
rs8176719,rs612169,CHB,0.9799,1.0
rs8176719,rs612169,JPT,0.942,0.9801
rs8176719,rs612169,CHS,0.9614,0.9805
rs8176719,rs612169,CDX,0.8733,0.9468
rs8176719,rs612169,KHV,1.0,1.0
rs8176719,rs612169,EUR,0.8528,0.9734
rs8176719,rs612169,CEU,0.9366,0.9782
rs8176719,rs612169,TSI,0.8159,0.9582
rs8176719,rs612169,FIN,0.8854,1.0
rs8176719,rs612169,GBR,0.7713,0.9719
rs8176719,rs612169,IBS,0.8449,0.9575
rs8176719,rs612169,SAS,0.9331,0.9826
rs8176719,rs612169,GIH,0.9045,1.0
rs8176719,rs612169,PJL,0.9367,0.9783
rs8176719,rs612169,BEB,0.9313,0.9764
rs8176719,rs612169,STU,0.9784,1.0
rs8176719,rs612169,ITU,0.9174,0.9783
rs8176719,rs657152,ALL,0.7472,0.9543
rs8176719,rs657152,AFR,0.3427,0.8379
rs8176719,rs657152,YRI,0.296,0.8299
rs8176719,rs657152,LWK,0.4134,0.877
rs8176719,rs657152,GWD,0.3934,0.8488
rs8176719,rs657152,MSL,0.216,0.6488
rs8176719,rs657152,ESN,0.3001,0.9587
rs8176719,rs657152,ASW,0.4532,0.8218
rs8176719,rs657152,ACB,0.3828,0.875
rs8176719,rs657152,AMR,0.9097,1.0
rs8176719,rs657152,MXL,1.0,1.0
rs8176719,rs657152,PUR,0.8743,1.0
rs8176719,rs657152,CLM,0.8518,1.0
rs8176719,rs657152,PEL,0.9608,1.0
rs8176719,rs657152,EAS,0.9256,0.9785
rs8176719,rs657152,CHB,0.9399,0.9794
rs8176719,rs657152,JPT,0.924,1.0
rs8176719,rs657152,CHS,0.9236,0.9801
rs8176719,rs657152,CDX,0.8733,0.9468
rs8176719,rs657152,KHV,0.9568,1.0
rs8176719,rs657152,EUR,0.9713,0.9958
rs8176719,rs657152,CEU,0.9575,0.9785
rs8176719,rs657152,TSI,0.962,1.0
rs8176719,rs657152,FIN,1.0,1.0
rs8176719,rs657152,GBR,0.9759,1.0
rs8176719,rs657152,IBS,0.9607,1.0
rs8176719,rs657152,SAS,0.9958,1.0
rs8176719,rs657152,GIH,1.0,1.0
rs8176719,rs657152,PJL,1.0,1.0
rs8176719,rs657152,BEB,1.0,1.0
rs8176719,rs657152,STU,1.0,1.0
rs8176719,rs657152,ITU,0.9792,1.0
rs8176719,rs687289,ALL,0.7609,0.9358
rs8176719,rs687289,AFR,0.4476,0.9132
rs8176719,rs687289,YRI,0.4341,0.967
rs8176719,rs687289,LWK,0.5644,0.9426
rs8176719,rs687289,GWD,0.4683,0.9018
rs8176719,rs687289,MSL,0.3811,0.8027
rs8176719,rs687289,ESN,0.3613,1.0
rs8176719,rs687289,ASW,0.5235,0.8681
rs8176719,rs687289,ACB,0.4501,0.91
rs8176719,rs687289,AMR,0.8223,0.9105
rs8176719,rs687289,MXL,0.9588,1.0
rs8176719,rs687289,PUR,0.7225,0.8599
rs8176719,rs687289,CLM,0.7864,0.9313
rs8176719,rs687289,PEL,0.9202,1.0
rs8176719,rs687289,EAS,0.975,0.9958
rs8176719,rs687289,CHB,0.9799,1.0
rs8176719,rs687289,JPT,0.9805,1.0
rs8176719,rs687289,CHS,0.9807,1.0
rs8176719,rs687289,CDX,0.9251,1.0
rs8176719,rs687289,KHV,1.0,1.0
rs8176719,rs687289,EUR,0.8603,0.9735
rs8176719,rs687289,CEU,0.9575,0.9785
rs8176719,rs687289,TSI,0.8332,0.9587
rs8176719,rs687289,FIN,0.8854,1.0
rs8176719,rs687289,GBR,0.7713,0.9719
rs8176719,rs687289,IBS,0.8449,0.9575
rs8176719,rs687289,SAS,0.9622,0.9957
rs8176719,rs687289,GIH,0.9418,1.0
rs8176719,rs687289,PJL,1.0,1.0
rs8176719,rs687289,BEB,0.9543,1.0
rs8176719,rs687289,STU,0.9784,1.0
rs8176719,rs687289,ITU,0.9377,0.9786
rs8176719,rs8176645,ALL,0.7738,0.9513
rs8176719,rs8176645,AFR,0.3955,0.8388
rs8176719,rs8176645,YRI,0.3329,0.7824
rs8176719,rs8176645,LWK,0.4337,0.8528
rs8176719,rs8176645,GWD,0.4454,0.8563
rs8176719,rs8176645,MSL,0.2932,0.7041
rs8176719,rs8176645,ESN,0.3628,0.9622
rs8176719,rs8176645,ASW,0.5115,0.8287
rs8176719,rs8176645,ACB,0.4309,0.8812
rs8176719,rs8176645,AMR,0.9137,0.9675
rs8176719,rs8176645,MXL,1.0,1.0
rs8176719,rs8176645,PUR,0.9555,1.0
rs8176719,rs8176645,CLM,0.7489,0.8654
rs8176719,rs8176645,PEL,0.9608,1.0
rs8176719,rs8176645,EAS,0.946,0.9747
rs8176719,rs8176645,CHB,0.9799,1.0
rs8176719,rs8176645,JPT,0.923,0.9607
rs8176719,rs8176645,CHS,0.9614,0.9805
rs8176719,rs8176645,CDX,0.8479,0.9208
rs8176719,rs8176645,KHV,1.0,1.0
rs8176719,rs8176645,EUR,0.9752,0.9917
rs8176719,rs8176645,CEU,0.9787,1.0
rs8176719,rs8176645,TSI,0.9808,1.0
rs8176719,rs8176645,FIN,1.0,1.0
rs8176719,rs8176645,GBR,0.9759,1.0
rs8176719,rs8176645,IBS,0.9407,0.9797
rs8176719,rs8176645,SAS,0.9621,0.9829
rs8176719,rs8176645,GIH,0.9609,1.0
rs8176719,rs8176645,PJL,0.9166,0.9781
rs8176719,rs8176645,BEB,0.9769,1.0
rs8176719,rs8176645,STU,1.0,1.0
rs8176719,rs8176645,ITU,0.9583,0.9789
rs8176719,rs8176704,ALL,0.0903,0.9869
rs8176719,rs8176704,AFR,0.1368,0.9809
rs8176719,rs8176704,YRI,0.0787,1.0
rs8176719,rs8176704,LWK,0.1178,1.0
rs8176719,rs8176704,GWD,0.0878,1.0
rs8176719,rs8176704,MSL,0.1033,1.0
rs8176719,rs8176704,ESN,0.2378,1.0
rs8176719,rs8176704,ASW,0.1505,0.8565
rs8176719,rs8176704,ACB,0.2069,1.0
rs8176719,rs8176704,AMR,0.1496,1.0
rs8176719,rs8176704,MXL,0.0968,1.0
rs8176719,rs8176704,PUR,0.1962,1.0
rs8176719,rs8176704,CLM,0.1578,1.0
rs8176719,rs8176704,PEL,0.0838,1.0
rs8176719,rs8176704,EAS,,
rs8176719,rs8176704,CHB,,
rs8176719,rs8176704,JPT,,
rs8176719,rs8176704,CHS,,
rs8176719,rs8176704,CDX,,
rs8176719,rs8176704,KHV,,
rs8176719,rs8176704,EUR,0.1637,1.0
rs8176719,rs8176704,CEU,0.1741,1.0
rs8176719,rs8176704,TSI,0.1042,1.0
rs8176719,rs8176704,FIN,0.1466,1.0
rs8176719,rs8176704,GBR,0.1994,1.0
rs8176719,rs8176704,IBS,0.21,1.0
rs8176719,rs8176704,SAS,0.0438,0.9462
rs8176719,rs8176704,GIH,0.0625,1.0
rs8176719,rs8176704,PJL,0.0227,1.0
rs8176719,rs8176704,BEB,0.0267,1.0
rs8176719,rs8176704,STU,0.1091,1.0
rs8176719,rs8176704,ITU,0.0126,0.6047
rs8176719,rs8176719,ALL,1.0,1.0
rs8176719,rs8176719,AFR,1.0,1.0
rs8176719,rs8176719,YRI,1.0,1.0
rs8176719,rs8176719,LWK,1.0,1.0
rs8176719,rs8176719,GWD,1.0,1.0
rs8176719,rs8176719,MSL,1.0,1.0
rs8176719,rs8176719,ESN,1.0,1.0
rs8176719,rs8176719,ASW,1.0,1.0
rs8176719,rs8176719,ACB,1.0,1.0
rs8176719,rs8176719,AMR,1.0,1.0
rs8176719,rs8176719,MXL,1.0,1.0
rs8176719,rs8176719,PUR,1.0,1.0
rs8176719,rs8176719,CLM,1.0,1.0
rs8176719,rs8176719,PEL,1.0,1.0
rs8176719,rs8176719,EAS,1.0,1.0
rs8176719,rs8176719,CHB,1.0,1.0
rs8176719,rs8176719,JPT,1.0,1.0
rs8176719,rs8176719,CHS,1.0,1.0
rs8176719,rs8176719,CDX,1.0,1.0
rs8176719,rs8176719,KHV,1.0,1.0
rs8176719,rs8176719,EUR,1.0,1.0
rs8176719,rs8176719,CEU,1.0,1.0
rs8176719,rs8176719,TSI,1.0,1.0
rs8176719,rs8176719,FIN,1.0,1.0
rs8176719,rs8176719,GBR,1.0,1.0
rs8176719,rs8176719,IBS,1.0,1.0
rs8176719,rs8176719,SAS,1.0,1.0
rs8176719,rs8176719,GIH,1.0,1.0
rs8176719,rs8176719,PJL,1.0,1.0
rs8176719,rs8176719,BEB,1.0,1.0
rs8176719,rs8176719,STU,1.0,1.0
rs8176719,rs8176719,ITU,1.0,1.0
