Tag SNP,Functional SNP,Population,R2,D',Continent
rs7853989,rs8176746,ALL,0.9153,0.9984,
rs7853989,rs8176746,ITU,0.9477,1.0,SAS
rs7853989,rs8176746,STU,0.9697,1.0,SAS
rs7853989,rs8176746,BEB,0.9399,1.0,SAS
rs7853989,rs8176746,PJL,1.0,1.0,SAS
rs7853989,rs8176746,GIH,0.9243,1.0,SAS
rs7853989,rs8176746,SAS,0.9558,1.0,SAS
rs7853989,rs8176746,IBS,0.6433,1.0,EUR
rs7853989,rs8176746,GBR,0.474,1.0,EUR
rs7853989,rs8176746,TSI,0.6832,1.0,EUR
rs7853989,rs8176746,CEU,0.9283,1.0,EUR
rs7853989,rs8176746,EUR,0.7151,1.0,EUR
rs7853989,rs8176746,KHV,1.0,1.0,EAS
rs7853989,rs8176746,CDX,1.0,1.0,EAS
rs7853989,rs8176746,CHS,1.0,1.0,EAS
rs7853989,rs8176746,JPT,0.9686,1.0,EAS
rs7853989,rs8176746,FIN,0.8077,1.0,EUR
rs7853989,rs8176746,EAS,0.9937,1.0,EAS
rs7853989,rs8176746,CHB,1.0,1.0,EAS
rs7853989,rs8176746,AFR,0.9581,0.9946,AFR
rs7853989,rs8176746,YRI,1.0,1.0,AFR
rs7853989,rs8176746,LWK,0.9298,1.0,AFR
rs7853989,rs8176746,GWD,1.0,1.0,AFR
rs7853989,rs8176746,ESN,1.0,1.0,AFR
rs7853989,rs8176746,ASW,0.8416,1.0,AFR
rs7853989,rs8176746,MSL,1.0,1.0,AFR
rs7853989,rs8176746,AMR,0.72,1.0,AMR
rs7853989,rs8176746,MXL,0.9014,1.0,AMR
rs7853989,rs8176746,PUR,0.6426,1.0,AMR
rs7853989,rs8176746,CLM,0.4946,1.0,AMR
rs7853989,rs8176746,PEL,0.7682,1.0,AMR
rs7853989,rs8176746,ACB,0.8716,0.9654,AFR
rs8176672,rs8176746,CDX,0.917,1.0,EAS
rs8176672,rs8176746,FIN,1.0,1.0,EUR
rs8176672,rs8176746,KHV,1.0,1.0,EAS
rs8176672,rs8176746,EUR,1.0,1.0,EUR
rs8176672,rs8176746,CEU,1.0,1.0,EUR
rs8176672,rs8176746,TSI,1.0,1.0,EUR
rs8176672,rs8176746,GBR,1.0,1.0,EUR
rs8176672,rs8176746,ITU,0.9462,1.0,SAS
rs8176672,rs8176746,SAS,0.9603,0.9942,SAS
rs8176672,rs8176746,GIH,0.9734,1.0,SAS
rs8176672,rs8176746,PJL,0.9728,1.0,SAS
rs8176672,rs8176746,BEB,0.9692,1.0,SAS
rs8176672,rs8176746,STU,0.9386,1.0,SAS
rs8176672,rs8176746,CHS,0.9681,1.0,EAS
rs8176672,rs8176746,IBS,1.0,1.0,EUR
rs8176672,rs8176746,JPT,0.8754,0.9356,EAS
rs8176672,rs8176746,ASW,0.8185,1.0,AFR
rs8176672,rs8176746,EAS,0.9558,0.9871,EAS
rs8176672,rs8176746,CHB,1.0,1.0,EAS
rs8176672,rs8176746,ALL,0.8372,0.9894,
rs8176672,rs8176746,AFR,0.5418,0.9738,AFR
rs8176672,rs8176746,YRI,0.4398,1.0,AFR
rs8176672,rs8176746,LWK,0.715,0.9148,AFR
rs8176672,rs8176746,MSL,0.3082,1.0,AFR
rs8176672,rs8176746,ESN,0.3883,0.9168,AFR
rs8176672,rs8176746,GWD,0.7799,1.0,AFR
rs8176672,rs8176746,ACB,0.5039,1.0,AFR
rs8176672,rs8176746,AMR,0.9366,1.0,AMR
rs8176672,rs8176746,MXL,1.0,1.0,AMR
rs8176672,rs8176746,PUR,0.8484,1.0,AMR
rs8176672,rs8176746,CLM,1.0,1.0,AMR
rs8176672,rs8176746,PEL,1.0,1.0,AMR
rs8176720,rs8176746,FIN,0.3978,1.0,EUR
rs8176720,rs8176746,KHV,0.2194,1.0,EAS
rs8176720,rs8176746,EUR,0.1816,1.0,EUR
rs8176720,rs8176746,CEU,0.1361,1.0,EUR
rs8176720,rs8176746,TSI,0.1599,1.0,EUR
rs8176720,rs8176746,CDX,0.2017,1.0,EAS
rs8176720,rs8176746,GBR,0.1007,1.0,EUR
rs8176720,rs8176746,ITU,0.3328,0.9614,SAS
rs8176720,rs8176746,SAS,0.3452,0.9918,SAS
rs8176720,rs8176746,GIH,0.4103,1.0,SAS
rs8176720,rs8176746,PJL,0.4406,1.0,SAS
rs8176720,rs8176746,BEB,0.363,1.0,SAS
rs8176720,rs8176746,STU,0.2255,1.0,SAS
rs8176720,rs8176746,CHS,0.2779,1.0,EAS
rs8176720,rs8176746,IBS,0.1503,1.0,EUR
rs8176720,rs8176746,JPT,0.2414,1.0,EAS
rs8176720,rs8176746,ASW,0.142,1.0,AFR
rs8176720,rs8176746,EAS,0.2566,1.0,EAS
rs8176720,rs8176746,AFR,0.2123,0.9913,AFR
rs8176720,rs8176746,YRI,0.2489,1.0,AFR
rs8176720,rs8176746,LWK,0.1928,1.0,AFR
rs8176720,rs8176746,GWD,0.2189,1.0,AFR
rs8176720,rs8176746,MSL,0.2388,1.0,AFR
rs8176720,rs8176746,ESN,0.1898,1.0,AFR
rs8176720,rs8176746,ALL,0.2163,0.9952,
rs8176720,rs8176746,ACB,0.2199,0.9461,AFR
rs8176720,rs8176746,PEL,0.0222,1.0,AMR
rs8176720,rs8176746,CLM,0.0122,1.0,AMR
rs8176720,rs8176746,CHB,0.3454,1.0,EAS
rs8176720,rs8176746,MXL,0.0874,1.0,AMR
rs8176720,rs8176746,AMR,0.0511,1.0,AMR
rs8176720,rs8176746,PUR,0.1155,1.0,AMR
rs8176722,rs8176746,CDX,1.0,1.0,EAS
rs8176722,rs8176746,KHV,1.0,1.0,EAS
rs8176722,rs8176746,EUR,0.7221,1.0,EUR
rs8176722,rs8176746,CEU,0.9283,1.0,EUR
rs8176722,rs8176746,TSI,0.6832,1.0,EUR
rs8176722,rs8176746,FIN,0.8077,1.0,EUR
rs8176722,rs8176746,IBS,0.679,1.0,EUR
rs8176722,rs8176746,SAS,0.9218,0.9656,SAS
rs8176722,rs8176746,ITU,0.9207,0.9726,SAS
rs8176722,rs8176746,PJL,1.0,1.0,SAS
rs8176722,rs8176746,BEB,0.9399,1.0,SAS
rs8176722,rs8176746,STU,0.9388,0.9689,SAS
rs8176722,rs8176746,CHS,1.0,1.0,EAS
rs8176722,rs8176746,GBR,0.474,1.0,EUR
rs8176722,rs8176746,GIH,0.8203,0.918,SAS
rs8176722,rs8176746,JPT,0.9686,1.0,EAS
rs8176722,rs8176746,EAS,0.9937,1.0,EAS
rs8176722,rs8176746,CHB,1.0,1.0,EAS
rs8176722,rs8176746,ALL,0.8465,0.9243,
rs8176722,rs8176746,AFR,0.7515,0.9676,AFR
rs8176722,rs8176746,YRI,0.662,1.0,AFR
rs8176722,rs8176746,GWD,0.8602,1.0,AFR
rs8176722,rs8176746,MSL,0.7976,1.0,AFR
rs8176722,rs8176746,ESN,0.5702,1.0,AFR
rs8176722,rs8176746,LWK,0.8903,0.9615,AFR
rs8176722,rs8176746,ACB,0.7094,0.8881,AFR
rs8176722,rs8176746,AMR,0.72,1.0,AMR
rs8176722,rs8176746,MXL,0.9014,1.0,AMR
rs8176722,rs8176746,PUR,0.6426,1.0,AMR
rs8176722,rs8176746,CLM,0.4946,1.0,AMR
rs8176722,rs8176746,PEL,0.7682,1.0,AMR
rs8176722,rs8176746,ASW,0.7345,0.8992,AFR
rs8176741,rs8176746,FIN,1.0,1.0,EUR
rs8176741,rs8176746,CDX,1.0,1.0,EAS
rs8176741,rs8176746,KHV,1.0,1.0,EAS
rs8176741,rs8176746,EUR,1.0,1.0,EUR
rs8176741,rs8176746,CEU,1.0,1.0,EUR
rs8176741,rs8176746,TSI,1.0,1.0,EUR
rs8176741,rs8176746,GBR,1.0,1.0,EUR
rs8176741,rs8176746,CHS,1.0,1.0,EAS
rs8176741,rs8176746,SAS,1.0,1.0,SAS
rs8176741,rs8176746,GIH,1.0,1.0,SAS
rs8176741,rs8176746,PJL,1.0,1.0,SAS
rs8176741,rs8176746,BEB,1.0,1.0,SAS
rs8176741,rs8176746,STU,1.0,1.0,SAS
rs8176741,rs8176746,ITU,1.0,1.0,SAS
rs8176741,rs8176746,IBS,1.0,1.0,EUR
rs8176741,rs8176746,JPT,0.9686,1.0,EAS
rs8176741,rs8176746,CHB,1.0,1.0,EAS
rs8176741,rs8176746,EAS,0.9937,1.0,EAS
rs8176741,rs8176746,ALL,0.9954,0.9985,
rs8176741,rs8176746,AFR,0.9893,0.9946,AFR
rs8176741,rs8176746,YRI,1.0,1.0,AFR
rs8176741,rs8176746,LWK,0.9639,1.0,AFR
rs8176741,rs8176746,MSL,1.0,1.0,AFR
rs8176741,rs8176746,ESN,1.0,1.0,AFR
rs8176741,rs8176746,GWD,1.0,1.0,AFR
rs8176741,rs8176746,ACB,0.966,1.0,AFR
rs8176741,rs8176746,AMR,1.0,1.0,AMR
rs8176741,rs8176746,MXL,1.0,1.0,AMR
rs8176741,rs8176746,PUR,1.0,1.0,AMR
rs8176741,rs8176746,CLM,1.0,1.0,AMR
rs8176741,rs8176746,PEL,1.0,1.0,AMR
rs8176741,rs8176746,ASW,1.0,1.0,AFR
rs8176743,rs8176746,FIN,1.0,1.0,EUR
rs8176743,rs8176746,CDX,1.0,1.0,EAS
rs8176743,rs8176746,KHV,1.0,1.0,EAS
rs8176743,rs8176746,EUR,1.0,1.0,EUR
rs8176743,rs8176746,CEU,1.0,1.0,EUR
rs8176743,rs8176746,TSI,1.0,1.0,EUR
rs8176743,rs8176746,GBR,1.0,1.0,EUR
rs8176743,rs8176746,ITU,1.0,1.0,SAS
rs8176743,rs8176746,SAS,1.0,1.0,SAS
rs8176743,rs8176746,GIH,1.0,1.0,SAS
rs8176743,rs8176746,PJL,1.0,1.0,SAS
rs8176743,rs8176746,BEB,1.0,1.0,SAS
rs8176743,rs8176746,STU,1.0,1.0,SAS
rs8176743,rs8176746,CHS,1.0,1.0,EAS
rs8176743,rs8176746,IBS,1.0,1.0,EUR
rs8176743,rs8176746,JPT,0.9686,1.0,EAS
rs8176743,rs8176746,CHB,1.0,1.0,EAS
rs8176743,rs8176746,EAS,0.9937,1.0,EAS
rs8176743,rs8176746,AFR,0.9893,0.9946,AFR
rs8176743,rs8176746,YRI,1.0,1.0,AFR
rs8176743,rs8176746,LWK,0.9639,1.0,AFR
rs8176743,rs8176746,GWD,1.0,1.0,AFR
rs8176743,rs8176746,MSL,1.0,1.0,AFR
rs8176743,rs8176746,ESN,1.0,1.0,AFR
rs8176743,rs8176746,ALL,0.9954,0.9985,
rs8176743,rs8176746,ACB,0.966,1.0,AFR
rs8176743,rs8176746,AMR,1.0,1.0,AMR
rs8176743,rs8176746,MXL,1.0,1.0,AMR
rs8176743,rs8176746,PUR,1.0,1.0,AMR
rs8176743,rs8176746,CLM,1.0,1.0,AMR
rs8176743,rs8176746,PEL,1.0,1.0,AMR
rs8176743,rs8176746,ASW,1.0,1.0,AFR
rs8176746,rs8176746,CDX,1.0,1.0,EAS
rs8176746,rs8176746,KHV,1.0,1.0,EAS
rs8176746,rs8176746,EUR,1.0,1.0,EUR
rs8176746,rs8176746,CEU,1.0,1.0,EUR
rs8176746,rs8176746,TSI,1.0,1.0,EUR
rs8176746,rs8176746,FIN,1.0,1.0,EUR
rs8176746,rs8176746,PJL,1.0,1.0,SAS
rs8176746,rs8176746,SAS,1.0,1.0,SAS
rs8176746,rs8176746,GIH,1.0,1.0,SAS
rs8176746,rs8176746,BEB,1.0,1.0,SAS
rs8176746,rs8176746,STU,1.0,1.0,SAS
rs8176746,rs8176746,ITU,1.0,1.0,SAS
rs8176746,rs8176746,CHS,1.0,1.0,EAS
rs8176746,rs8176746,IBS,1.0,1.0,EUR
rs8176746,rs8176746,JPT,1.0,1.0,EAS
rs8176746,rs8176746,GBR,1.0,1.0,EUR
rs8176746,rs8176746,EAS,1.0,1.0,EAS
rs8176746,rs8176746,CHB,1.0,1.0,EAS
rs8176746,rs8176746,AFR,1.0,1.0,AFR
rs8176746,rs8176746,YRI,1.0,1.0,AFR
rs8176746,rs8176746,LWK,1.0,1.0,AFR
rs8176746,rs8176746,GWD,1.0,1.0,AFR
rs8176746,rs8176746,MSL,1.0,1.0,AFR
rs8176746,rs8176746,ESN,1.0,1.0,AFR
rs8176746,rs8176746,ALL,1.0,1.0,
rs8176746,rs8176746,ASW,1.0,1.0,AFR
rs8176746,rs8176746,ACB,1.0,1.0,AFR
rs8176746,rs8176746,AMR,1.0,1.0,AMR
rs8176746,rs8176746,MXL,1.0,1.0,AMR
rs8176746,rs8176746,PUR,1.0,1.0,AMR
rs8176746,rs8176746,CLM,1.0,1.0,AMR
rs8176746,rs8176746,PEL,1.0,1.0,AMR
rs8176747,rs8176746,CDX,1.0,1.0,EAS
rs8176747,rs8176746,KHV,1.0,1.0,EAS
rs8176747,rs8176746,EUR,1.0,1.0,EUR
rs8176747,rs8176746,CEU,1.0,1.0,EUR
rs8176747,rs8176746,TSI,1.0,1.0,EUR
rs8176747,rs8176746,GBR,1.0,1.0,EUR
rs8176747,rs8176746,GIH,1.0,1.0,SAS
rs8176747,rs8176746,SAS,1.0,1.0,SAS
rs8176747,rs8176746,ITU,1.0,1.0,SAS
rs8176747,rs8176746,PJL,1.0,1.0,SAS
rs8176747,rs8176746,BEB,1.0,1.0,SAS
rs8176747,rs8176746,STU,1.0,1.0,SAS
rs8176747,rs8176746,CHS,1.0,1.0,EAS
rs8176747,rs8176746,IBS,1.0,1.0,EUR
rs8176747,rs8176746,JPT,1.0,1.0,EAS
rs8176747,rs8176746,FIN,1.0,1.0,EUR
rs8176747,rs8176746,EAS,1.0,1.0,EAS
rs8176747,rs8176746,ALL,1.0,1.0,
rs8176747,rs8176746,AFR,1.0,1.0,AFR
rs8176747,rs8176746,YRI,1.0,1.0,AFR
rs8176747,rs8176746,LWK,1.0,1.0,AFR
rs8176747,rs8176746,CHB,1.0,1.0,EAS
rs8176747,rs8176746,MSL,1.0,1.0,AFR
rs8176747,rs8176746,ESN,1.0,1.0,AFR
rs8176747,rs8176746,GWD,1.0,1.0,AFR
rs8176747,rs8176746,ACB,1.0,1.0,AFR
rs8176747,rs8176746,AMR,1.0,1.0,AMR
rs8176747,rs8176746,MXL,1.0,1.0,AMR
rs8176747,rs8176746,PUR,1.0,1.0,AMR
rs8176747,rs8176746,CLM,1.0,1.0,AMR
rs8176747,rs8176746,PEL,1.0,1.0,AMR
rs8176747,rs8176746,ASW,1.0,1.0,AFR
rs8176749,rs8176746,CHS,1.0,1.0,EAS
rs8176749,rs8176746,CDX,1.0,1.0,EAS
rs8176749,rs8176746,KHV,1.0,1.0,EAS
rs8176749,rs8176746,EUR,1.0,1.0,EUR
rs8176749,rs8176746,CEU,1.0,1.0,EUR
rs8176749,rs8176746,TSI,1.0,1.0,EUR
rs8176749,rs8176746,BEB,1.0,1.0,SAS
rs8176749,rs8176746,GBR,1.0,1.0,EUR
rs8176749,rs8176746,IBS,1.0,1.0,EUR
rs8176749,rs8176746,SAS,1.0,1.0,SAS
rs8176749,rs8176746,GIH,1.0,1.0,SAS
rs8176749,rs8176746,PJL,1.0,1.0,SAS
rs8176749,rs8176746,JPT,0.968,1.0,EAS
rs8176749,rs8176746,FIN,1.0,1.0,EUR
rs8176749,rs8176746,CHB,1.0,1.0,EAS
rs8176749,rs8176746,ASW,1.0,1.0,AFR
rs8176749,rs8176746,PEL,1.0,1.0,AMR
rs8176749,rs8176746,CLM,1.0,1.0,AMR
rs8176749,rs8176746,PUR,1.0,1.0,AMR
rs8176749,rs8176746,MXL,1.0,1.0,AMR
rs8176749,rs8176746,AMR,1.0,1.0,AMR
rs8176749,rs8176746,ACB,1.0,1.0,AFR
rs8176749,rs8176746,ESN,1.0,1.0,AFR
rs8176749,rs8176746,MSL,1.0,1.0,AFR
rs8176749,rs8176746,GWD,1.0,1.0,AFR
rs8176749,rs8176746,LWK,1.0,1.0,AFR
rs8176749,rs8176746,YRI,1.0,1.0,AFR
rs8176749,rs8176746,AFR,1.0,1.0,AFR
rs8176749,rs8176746,ALL,0.9985,1.0,
rs8176749,rs8176746,STU,1.0,1.0,SAS
rs8176749,rs8176746,EAS,0.9936,1.0,EAS
rs8176749,rs8176746,ITU,1.0,1.0,SAS
