,refid,o_snp,a_b_snp,total_cohort_n,afr_n,amr_n,eas_n,eur_n,sas_n,other_n,1000g_pop,pop,pop_n,o_r2,ab_r2
1,49,rs687289,rs8176749,1104,552,0,0,552,0,0,"AFR, EUR",AFR,552,0.4476,1.0
5,1950,rs687289,rs8176749,1104,552,0,0,552,0,0,"AFR, EUR",AFR,552,0.4476,1.0
6,7,unclear,unclear,1082,419,0,0,663,0,0,"AFR, EUR",AFR,419,,
8,25,rs505922,rs8176746,1127,83,0,0,983,0,61,"AFR, EUR, other",AFR,83,0.4375,1.0
16,1561,unclear,unclear,1147,1147,0,0,0,0,0,AFR,AFR,1147,,
17,1763,rs529565,rs8176749,23603,5047,0,0,18556,0,0,"AFR, EUR",AFR,5047,0.3872,1.0
19,1614,rs505922,rs8176746,2077,0,2077,0,0,0,0,AMR,AMR,2077,0.8204,1.0
24,737,rs505922,rs8176746,41,0,0,41,0,0,0,EAS,EAS,41,0.946,1.0
25,866,rs505922,rs8176746,7068,0,0,7068,0,0,0,EAS,EAS,7068,0.946,1.0
27,1356,,rs8176746,450,0,0,450,0,0,0,EAS,EAS,450,,1.0
36,139,rs72238104,rs8176746,2944,0,0,2944,0,0,0,EAS,EAS,2944,,1.0
37,882,,rs8176746,464,0,0,464,0,0,0,EAS,EAS,464,,1.0
40,1218,rs505922,rs8176746,1252,0,0,1252,0,0,0,EAS,EAS,1252,0.946,1.0
41,1303,rs505922,rs8176746,10291,0,0,10291,0,0,0,EAS,EAS,10291,0.946,1.0
42,1305,rs687289,rs8176746,6699,0,0,6699,0,0,0,EAS,EAS,6699,0.975,1.0
43,1315,rs687289,rs8176746,1999,0,0,1999,0,0,0,EAS,EAS,1999,0.975,1.0
46,1764,rs505922,rs8176746,50411,0,0,50411,0,0,0,EUR,EAS,50411,0.946,1.0
47,1766,rs505922,rs8176746,32358,0,0,32358,0,0,0,EAS,EAS,32358,0.946,1.0
53,1967,rs505922,rs8176746,18680,0,0,18680,0,0,0,EAS,EAS,18680,0.946,1.0
54,1970,rs687289,rs8176746,4494,0,0,4494,0,0,0,EAS,EAS,4494,0.975,1.0
57,49,rs687289,rs8176749,1104,552,0,0,552,0,0,"AFR, EUR",EUR,552,0.8603,1.0
58,734,rs505922,,69199,0,0,0,69199,0,0,EUR,EUR,69199,0.8687,
59,804,rs514659,,2015,0,0,0,2015,0,0,EUR,EUR,2015,0.8565,
60,816,rs505922,rs8176746,3396,unclear,0,0,3396,0,0,EUR,EUR,3396,0.8687,1.0
61,821,,rs7853989,1130,0,0,0,1130,0,0,EUR,EUR,1130,,
62,823,rs514659,,2835,0,0,0,2835,0,0,EUR,EUR,2835,0.8565,
63,824,rs514659,rs8176749,2821,0,0,0,2821,0,0,EUR,EUR,2821,0.8565,1.0
65,839,rs514659,rs8176749,15792,0,0,0,15792,0,0,EUR,EUR,15792,0.8565,1.0
66,927,rs687289,rs8176746,1503,0,0,0,1503,0,0,EUR,EUR,1503,0.8603,1.0
68,1310,rs8176645,rs8176749,4803,0,0,0,4803,0,0,EUR,EUR,4803,0.9752,1.0
70,1777,unclear,unclear,1425,0,0,0,1425,0,0,EUR,EUR,1425,,
72,1874,unclear,unclear,7761,0,0,0,7161,0,600,"EUR, other",EUR,7161,,
73,1950,rs687289,rs8176749,1104,552,0,0,552,0,0,"AFR, EUR",EUR,552,0.8603,1.0
74,7,unclear,unclear,1082,419,0,0,663,0,0,"AFR, EUR",EUR,663,,
76,25,rs505922,rs8176746,1127,83,0,0,983,0,61,"AFR, EUR, other",EUR,983,0.8687,1.0
77,48,rs505922,rs8176746,3073,0,0,0,2841,0,232,"EUR, other",EUR,2841,0.8687,1.0
82,279,unclear,unclear,484,0,0,0,484,0,0,EUR,EUR,484,,
83,304,rs505922,rs8176746,896,0,0,0,896,0,0,EUR,EUR,896,0.8687,1.0
85,402,rs505922,rs8176746,58780,0,0,0,58780,0,0,EUR,EUR,58780,0.8687,1.0
89,953,rs505922,rs8176743,1496,0,0,0,1496,0,0,EUR,EUR,1496,0.8687,
90,973,rs505922,rs8176746,237,0,0,0,237,0,0,EUR,EUR,237,0.8687,1.0
91,1022,rs687289,rs8176749,3506,0,0,0,3506,0,0,EUR,EUR,3506,0.8603,1.0
92,1032,rs505922,rs8176746,6779,0,0,0,6779,0,0,EUR,EUR,6779,0.8687,1.0
94,1039,rs505922,rs8176746,37208,0,0,0,37208,0,0,EUR,EUR,37208,0.8687,1.0
95,1044,rs505922,rs8176746,2228,0,0,0,2228,0,0,EUR,EUR,2228,0.8687,1.0
96,1124,rs657152,rs8176672,4175,0,0,0,4175,0,0,EUR,EUR,4175,0.9713,1.0
99,1195,rs687289,rs8176746,3345,0,0,0,3345,0,0,EUR,EUR,3345,0.8603,1.0
101,1229,rs8176645,rs8176746,2087,0,0,0,2087,0,0,EUR,EUR,2087,0.9752,1.0
102,1252,rs505922,,530,0,0,0,530,0,0,EUR,EUR,530,0.8687,
105,1372,unclear,unclear,104,0,0,0,104,0,0,EUR,EUR,104,,
106,1381,rs505922,rs8176746,7217,0,0,0,7217,0,0,EUR,EUR,7217,0.8687,1.0
108,1461,rs505922,rs8176746,3294,0,0,0,3294,0,0,EUR,EUR,3294,0.8687,1.0
110,1533,rs687289,rs8176746,6578,0,0,0,6578,0,0,EUR,EUR,6578,0.8603,1.0
112,1558,rs505922,,1055,0,0,0,1055,0,0,EUR,EUR,1055,0.8687,
113,1565,rs505922,rs8176746,1326,0,0,0,1326,0,0,EUR,EUR,1326,0.8687,1.0
114,1574,rs612169,rs8176672,1005,0,0,0,1005,0,0,EUR,EUR,1005,0.8528,1.0
115,1576,rs687289,rs8176746,5959,0,0,0,5959,0,0,EUR,EUR,5959,0.8603,1.0
116,1613,rs505922,rs8176746,3285,0,0,0,3285,0,0,EUR,EUR,3285,0.8687,1.0
117,1634,rs687289,rs8176746,8956,0,0,0,8956,0,0,EUR,EUR,8956,0.8603,1.0
118,1635,rs505922,,629,0,0,0,629,0,0,EUR,EUR,629,0.8687,
119,1661,rs657152,,361975,0,0,0,361975,0,0,EUR,EUR,361975,0.9713,
121,1705,unclear,rs8176746,5284,0,0,0,5284,0,0,EUR,EUR,5284,,1.0
123,1763,rs529565,rs8176749,23603,5047,0,0,18556,0,0,"AFR, EUR",EUR,18556,0.8608,1.0
125,1888,rs505922,rs8176746,4905,0,0,0,4905,0,0,EUR,EUR,4905,0.8687,1.0
