,Tag SNP,datapoint,pop,count,median,mean,std,min,25%,50%,75%,max,variance,coefficient_variation,fSNP
0,rs505922,1,AFR,7.0,0.4492,0.4463857142857144,0.11761363906978686,0.2187,0.42879999999999996,0.4492,0.4978,0.6036,0.011856829795918369,0.26347984558149834,o_snp_rs8176719
1,rs514659,2,AFR,7.0,0.3055,0.3080142857142857,0.06714113067689156,0.209,0.26205,0.3055,0.3644,0.3887,0.003863941224489796,0.21798057359966652,o_snp_rs8176719
2,rs529565,3,AFR,7.0,0.3941,0.3925142857142857,0.06735615360582453,0.2932,0.34785,0.3941,0.44235,0.4799,0.0038887297959183686,0.17160178892152123,o_snp_rs8176719
3,rs612169,4,AFR,7.0,0.3055,0.30718571428571423,0.06794972230925422,0.209,0.25915,0.3055,0.3644,0.3887,0.003957569795918367,0.22120078880378535,o_snp_rs8176719
4,rs657152,5,AFR,7.0,0.3828,0.35069999999999996,0.08265165858388243,0.216,0.29805,0.3828,0.4034,0.4532,0.005855397142857143,0.2356762434670158,o_snp_rs8176719
5,rs687289,6,AFR,7.0,0.4501,0.45468571428571425,0.07250118225637033,0.3613,0.40759999999999996,0.4501,0.4959,0.5644,0.0045055040816326525,0.15945339820114124,o_snp_rs8176719
6,rs8176645,7,AFR,7.0,0.4309,0.4014857142857142,0.07512317504320107,0.2932,0.34785,0.4309,0.43955,0.5115,0.004837278367346938,0.18711294666325348,o_snp_rs8176719
7,rs8176693,8,AFR,7.0,0.2378,0.2860285714285714,0.08561323328951963,0.2023,0.21885,0.2378,0.3585,0.4074,0.006282536326530611,0.299317067738806,o_snp_rs8176719
8,rs8176704,9,AFR,7.0,0.1178,0.1404,0.06119891066568642,0.0787,0.09555,0.1178,0.1787,0.2378,0.0032102628571428573,0.4358896771060286,o_snp_rs8176719
9,rs8176719,10,AFR,7.0,1.0,1.0,0.0,1.0,1.0,1.0,1.0,1.0,0.0,0.0,o_snp_rs8176719
10,rs505922,11,AMR,4.0,0.8417,0.8322499999999999,0.11612339701082351,0.6868,0.773425,0.8417,0.900525,0.9588,0.010113482500000001,0.1395294647171205,o_snp_rs8176719
11,rs514659,12,AMR,4.0,0.802,0.821325,0.11821771934302684,0.7225,0.7228,0.802,0.900525,0.9588,0.010481571874999998,0.14393537192101402,o_snp_rs8176719
12,rs529565,13,AMR,4.0,0.8210999999999999,0.81435,0.13304777337482954,0.6564,0.734925,0.8210999999999999,0.900525,0.9588,0.0132762825,0.1633791040398226,o_snp_rs8176719
13,rs612169,14,AMR,4.0,0.802,0.8213250000000001,0.11821771934302684,0.7225,0.7228,0.802,0.900525,0.9588,0.010481571874999998,0.14393537192101402,o_snp_rs8176719
14,rs657152,15,AMR,4.0,0.91755,0.9217249999999999,0.07021981557936478,0.8518,0.868675,0.91755,0.9706,1.0,0.003698116875000001,0.07618304329313492,o_snp_rs8176719
15,rs687289,16,AMR,4.0,0.8533,0.8469749999999999,0.111100686316512,0.7225,0.770425,0.8533,0.9298500000000001,0.9588,0.009257521874999999,0.13117351316923406,o_snp_rs8176719
16,rs8176645,17,AMR,4.0,0.9581500000000001,0.9162999999999999,0.11335098882085973,0.7489,0.90385,0.9581500000000001,0.9706,1.0,0.009636335,0.1237051062106949,o_snp_rs8176719
17,rs8176693,18,AMR,4.0,0.1787,0.163875,0.08931955273063115,0.0439,0.128725,0.1787,0.21384999999999998,0.2542,0.005983486874999999,0.5450468511403884,o_snp_rs8176719
18,rs8176704,19,AMR,4.0,0.1273,0.13365000000000002,0.05272150099026646,0.0838,0.09355,0.1273,0.1674,0.1962,0.0020846675000000003,0.3944743807726633,o_snp_rs8176719
19,rs8176719,20,AMR,4.0,1.0,1.0,0.0,1.0,1.0,1.0,1.0,1.0,0.0,0.0,o_snp_rs8176719
20,rs505922,21,EAS,5.0,0.9614,0.94244,0.05998252245446169,0.8479,0.923,0.9614,0.9799,1.0,0.0028783224,0.06364598537250295,o_snp_rs8176719
21,rs514659,22,EAS,5.0,0.9614,0.9513199999999999,0.04863678648924086,0.8733,0.942,0.9614,0.9799,1.0,0.0018924296000000017,0.05112557970949928,o_snp_rs8176719
22,rs529565,23,EAS,5.0,0.9401,0.9344800000000001,0.056296154397969325,0.8479,0.923,0.9401,0.9614,1.0,0.0025354056000000008,0.06024329509242501,o_snp_rs8176719
23,rs612169,24,EAS,5.0,0.9614,0.9513199999999999,0.04863678648924086,0.8733,0.942,0.9614,0.9799,1.0,0.0018924296000000014,0.05112557970949928,o_snp_rs8176719
24,rs657152,25,EAS,5.0,0.924,0.9235199999999999,0.031217575178094793,0.8733,0.9236,0.924,0.9399,0.9568,0.0007796296000000002,0.0338028144253452,o_snp_rs8176719
25,rs687289,26,EAS,5.0,0.9805,0.97324,0.028223536277369628,0.9251,0.9799,0.9805,0.9807,1.0,0.0006372543999999996,0.028999564626782322,o_snp_rs8176719
26,rs8176645,27,EAS,5.0,0.9614,0.94244,0.05998252245446169,0.8479,0.923,0.9614,0.9799,1.0,0.0028783224,0.06364598537250295,o_snp_rs8176719
27,rs8176693,28,EAS,5.0,0.4447,0.40225999999999995,0.09697367168463819,0.2989,0.3004,0.4447,0.4562,0.5111,0.0075231144,0.24107212172385573,o_snp_rs8176719
28,rs8176719,30,EAS,5.0,1.0,1.0,0.0,1.0,1.0,1.0,1.0,1.0,0.0,0.0,o_snp_rs8176719
29,rs505922,31,EUR,5.0,0.8642,0.8661,0.06703827265077762,0.7713,0.8518,0.8642,0.8854,0.9578,0.0035953039999999997,0.07740246236090247,o_snp_rs8176719
30,rs514659,32,EUR,5.0,0.8449,0.8542799999999999,0.061569204964819865,0.7713,0.8332,0.8449,0.8854,0.9366,0.0030326135999999993,0.07207145779465733,o_snp_rs8176719
31,rs529565,33,EUR,5.0,0.8518,0.8582000000000001,0.060477805846442544,0.7713,0.8459,0.8518,0.8854,0.9366,0.0029260519999999997,0.070470526504827,o_snp_rs8176719
32,rs612169,34,EUR,5.0,0.8449,0.85082,0.06350564541834057,0.7713,0.8159,0.8449,0.8854,0.9366,0.0032263736,0.07464051787492133,o_snp_rs8176719
33,rs657152,35,EUR,5.0,0.962,0.9712200000000001,0.017564936663705906,0.9575,0.9607,0.962,0.9759,1.0,0.00024682160000000003,0.01808543549731874,o_snp_rs8176719
34,rs687289,36,EUR,5.0,0.8449,0.85846,0.06883584095513035,0.7713,0.8332,0.8449,0.8854,0.9575,0.0037906984000000005,0.08018526309336527,o_snp_rs8176719
35,rs8176645,37,EUR,5.0,0.9787,0.97522,0.021502255695624133,0.9407,0.9759,0.9787,0.9808,1.0,0.0003698776000000003,0.022048620511909246,o_snp_rs8176719
36,rs8176693,38,EUR,5.0,0.1248,0.13463999999999998,0.036601543683292916,0.1007,0.1221,0.1248,0.1284,0.1972,0.0010717383999999997,0.2718474723952237,o_snp_rs8176719
37,rs8176704,39,EUR,5.0,0.1741,0.16686,0.04274655541678182,0.1042,0.1466,0.1741,0.1994,0.21,0.0014618143999999996,0.25618216119370624,o_snp_rs8176719
38,rs8176719,40,EUR,5.0,1.0,1.0,0.0,1.0,1.0,1.0,1.0,1.0,0.0,0.0,o_snp_rs8176719
39,rs505922,41,SAS,5.0,0.9313,0.9336599999999999,0.02797843812652882,0.9045,0.9174,0.9313,0.9367,0.9784,0.0006262344000000013,0.029966409749297197,o_snp_rs8176719
40,rs514659,42,SAS,5.0,0.9313,0.9336599999999999,0.02797843812652882,0.9045,0.9174,0.9313,0.9367,0.9784,0.0006262344000000011,0.029966409749297197,o_snp_rs8176719
41,rs529565,43,SAS,5.0,0.9313,0.9336599999999999,0.02797843812652882,0.9045,0.9174,0.9313,0.9367,0.9784,0.0006262344000000011,0.029966409749297197,o_snp_rs8176719
42,rs612169,44,SAS,5.0,0.9313,0.9336599999999999,0.02797843812652882,0.9045,0.9174,0.9313,0.9367,0.9784,0.0006262344000000011,0.029966409749297197,o_snp_rs8176719
43,rs657152,45,SAS,5.0,1.0,0.99584,0.009302042786399144,0.9792,1.0,1.0,1.0,1.0,6.922240000000027e-05,0.009340900934285773,o_snp_rs8176719
44,rs687289,46,SAS,5.0,0.9543,0.9624400000000002,0.02631450170533352,0.9377,0.9418,0.9543,0.9784,1.0,0.0005539624000000006,0.027341446433370928,o_snp_rs8176719
45,rs8176645,47,SAS,5.0,0.9609,0.9625400000000001,0.030580271418023754,0.9166,0.9583,0.9609,0.9769,1.0,0.0007481224000000004,0.0317703902362746,o_snp_rs8176719
46,rs8176693,48,SAS,5.0,0.4382,0.4466200000000001,0.05917082896157532,0.363,0.4269,0.4382,0.4901,0.5149,0.0028009496000000007,0.13248584694275964,o_snp_rs8176719
47,rs8176704,49,SAS,5.0,0.0267,0.04672,0.03963019051178029,0.0126,0.0227,0.0267,0.0625,0.1091,0.0012564416000000003,0.8482489407487219,o_snp_rs8176719
48,rs8176719,50,SAS,5.0,1.0,1.0,0.0,1.0,1.0,1.0,1.0,1.0,0.0,0.0,o_snp_rs8176719
0,rs7853989,1,AFR,7.0,1.0,0.949,0.06867575991570825,0.8416,0.9007000000000001,1.0,1.0,1.0,0.004042594285714285,0.07236644880475053,ab_snp_rs8176746
1,rs8176672,2,AFR,7.0,0.5039,0.5648,0.20392864765239174,0.3082,0.41405000000000003,0.5039,0.74745,0.8185,0.035645908571428575,0.3610634696395038,ab_snp_rs8176746
2,rs8176720,3,AFR,7.0,0.2189,0.20729999999999998,0.03604793105482386,0.142,0.1913,0.2189,0.22935,0.2489,0.0011138171428571435,0.17389257624131144,ab_snp_rs8176746
3,rs8176722,4,AFR,7.0,0.7345,0.7463142857142856,0.1125162570264319,0.5702,0.6857,0.7345,0.8289,0.8903,0.01085134979591836,0.15076256636136126,ab_snp_rs8176746
4,rs8176741,5,AFR,7.0,1.0,0.9899857142857142,0.017113389355650613,0.9639,0.983,1.0,1.0,1.0,0.0002510297959183677,0.017286501318858033,ab_snp_rs8176746
5,rs8176743,6,AFR,7.0,1.0,0.9899857142857142,0.017113389355650613,0.9639,0.983,1.0,1.0,1.0,0.0002510297959183677,0.017286501318858033,ab_snp_rs8176746
6,rs8176746,7,AFR,7.0,1.0,1.0,0.0,1.0,1.0,1.0,1.0,1.0,0.0,0.0,ab_snp_rs8176746
7,rs8176747,8,AFR,7.0,1.0,1.0,0.0,1.0,1.0,1.0,1.0,1.0,0.0,0.0,ab_snp_rs8176746
8,rs8176749,9,AFR,7.0,1.0,1.0,0.0,1.0,1.0,1.0,1.0,1.0,0.0,0.0,ab_snp_rs8176746
9,rs7853989,10,AMR,4.0,0.7054,0.7017,0.17386350968504002,0.4946,0.6055999999999999,0.7054,0.8015,0.9014,0.022671390000000003,0.2477747038407297,ab_snp_rs8176746
10,rs8176672,11,AMR,4.0,1.0,0.9621,0.07579999999999998,0.8484,0.9621,1.0,1.0,1.0,0.004309229999999997,0.07878598898243425,ab_snp_rs8176746
11,rs8176720,12,AMR,4.0,0.0548,0.059325,0.05014268806781969,0.0122,0.019700000000000002,0.0548,0.09442500000000001,0.1155,0.0018857168750000004,0.8452201949906395,ab_snp_rs8176746
12,rs8176722,13,AMR,4.0,0.7054,0.7017,0.17386350968504002,0.4946,0.6055999999999999,0.7054,0.8015,0.9014,0.022671390000000003,0.2477747038407297,ab_snp_rs8176746
13,rs8176741,14,AMR,4.0,1.0,1.0,0.0,1.0,1.0,1.0,1.0,1.0,0.0,0.0,ab_snp_rs8176746
14,rs8176743,15,AMR,4.0,1.0,1.0,0.0,1.0,1.0,1.0,1.0,1.0,0.0,0.0,ab_snp_rs8176746
15,rs8176746,16,AMR,4.0,1.0,1.0,0.0,1.0,1.0,1.0,1.0,1.0,0.0,0.0,ab_snp_rs8176746
16,rs8176747,17,AMR,4.0,1.0,1.0,0.0,1.0,1.0,1.0,1.0,1.0,0.0,0.0,ab_snp_rs8176746
17,rs8176749,18,AMR,4.0,1.0,1.0,0.0,1.0,1.0,1.0,1.0,1.0,0.0,0.0,ab_snp_rs8176746
18,rs7853989,19,EAS,5.0,1.0,0.99372,0.014042506898698673,0.9686,1.0,1.0,1.0,1.0,0.00015775359999999986,0.01413125115595809,ab_snp_rs8176746
19,rs8176672,20,EAS,5.0,0.9681,0.9521000000000001,0.05468025237688649,0.8754,0.917,0.9681,1.0,1.0,0.002391944000000001,0.057431207201855364,ab_snp_rs8176746
20,rs8176720,21,EAS,5.0,0.2414,0.25716,0.0569351648807659,0.2017,0.2194,0.2414,0.2779,0.3454,0.002593290399999999,0.22139977010719358,ab_snp_rs8176746
21,rs8176722,22,EAS,5.0,1.0,0.99372,0.014042506898698673,0.9686,1.0,1.0,1.0,1.0,0.00015775359999999986,0.01413125115595809,ab_snp_rs8176746
22,rs8176741,23,EAS,5.0,1.0,0.99372,0.014042506898698673,0.9686,1.0,1.0,1.0,1.0,0.00015775359999999986,0.01413125115595809,ab_snp_rs8176746
23,rs8176743,24,EAS,5.0,1.0,0.99372,0.014042506898698673,0.9686,1.0,1.0,1.0,1.0,0.00015775359999999986,0.01413125115595809,ab_snp_rs8176746
24,rs8176746,25,EAS,5.0,1.0,1.0,0.0,1.0,1.0,1.0,1.0,1.0,0.0,0.0,ab_snp_rs8176746
25,rs8176747,26,EAS,5.0,1.0,1.0,0.0,1.0,1.0,1.0,1.0,1.0,0.0,0.0,ab_snp_rs8176746
26,rs8176749,27,EAS,5.0,1.0,0.9936,0.014310835055998667,0.968,1.0,1.0,1.0,1.0,0.0001638400000000003,0.014403014347824745,ab_snp_rs8176746
27,rs7853989,28,EUR,5.0,0.6832,0.7073,0.1717751873816472,0.474,0.6433,0.6832,0.8077,0.9283,0.023605372000000006,0.24286043741219737,ab_snp_rs8176746
28,rs8176672,29,EUR,5.0,1.0,1.0,0.0,1.0,1.0,1.0,1.0,1.0,0.0,0.0,ab_snp_rs8176746
29,rs8176720,30,EUR,5.0,0.1503,0.18896,0.11888779584128895,0.1007,0.1361,0.1503,0.1599,0.3978,0.0113074464,0.6291691143167282,ab_snp_rs8176746
30,rs8176722,31,EUR,5.0,0.6832,0.7144400000000001,0.16917214014133652,0.474,0.679,0.6832,0.8077,0.9283,0.022895370400000004,0.2367898495903596,ab_snp_rs8176746
31,rs8176741,32,EUR,5.0,1.0,1.0,0.0,1.0,1.0,1.0,1.0,1.0,0.0,0.0,ab_snp_rs8176746
32,rs8176743,33,EUR,5.0,1.0,1.0,0.0,1.0,1.0,1.0,1.0,1.0,0.0,0.0,ab_snp_rs8176746
33,rs8176746,34,EUR,5.0,1.0,1.0,0.0,1.0,1.0,1.0,1.0,1.0,0.0,0.0,ab_snp_rs8176746
34,rs8176747,35,EUR,5.0,1.0,1.0,0.0,1.0,1.0,1.0,1.0,1.0,0.0,0.0,ab_snp_rs8176746
35,rs8176749,36,EUR,5.0,1.0,1.0,0.0,1.0,1.0,1.0,1.0,1.0,0.0,0.0,ab_snp_rs8176746
36,rs7853989,37,SAS,5.0,0.9477,0.9563200000000001,0.029394591339224303,0.9243,0.9399,0.9477,0.9697,1.0,0.0006912336000000003,0.030737191880567487,ab_snp_rs8176746
37,rs8176672,38,SAS,5.0,0.9692,0.9600399999999999,0.01640451157456387,0.9386,0.9462,0.9692,0.9728,0.9734,0.00021528639999999992,0.01708732091846576,ab_snp_rs8176746
38,rs8176720,39,SAS,5.0,0.363,0.35444,0.08323306434344466,0.2255,0.3328,0.363,0.4103,0.4406,0.0055421943999999996,0.23482977187519655,ab_snp_rs8176746
39,rs8176722,40,SAS,5.0,0.9388,0.92394,0.06521581863321196,0.8203,0.9207,0.9388,0.9399,1.0,0.003402482399999998,0.07058447370306727,ab_snp_rs8176746
40,rs8176741,41,SAS,5.0,1.0,1.0,0.0,1.0,1.0,1.0,1.0,1.0,0.0,0.0,ab_snp_rs8176746
41,rs8176743,42,SAS,5.0,1.0,1.0,0.0,1.0,1.0,1.0,1.0,1.0,0.0,0.0,ab_snp_rs8176746
42,rs8176746,43,SAS,5.0,1.0,1.0,0.0,1.0,1.0,1.0,1.0,1.0,0.0,0.0,ab_snp_rs8176746
43,rs8176747,44,SAS,5.0,1.0,1.0,0.0,1.0,1.0,1.0,1.0,1.0,0.0,0.0,ab_snp_rs8176746
44,rs8176749,45,SAS,5.0,1.0,1.0,0.0,1.0,1.0,1.0,1.0,1.0,0.0,0.0,ab_snp_rs8176746
